Location,Value
10001,4
10002,4
10003,17
10005,10
10006,1
10007,5
10009,14
10010,11
10011,9
10012,8
10013,13
10014,14
10016,11
10017,8
10019,14
10021,3
10022,7
10023,6
10024,17
10025,10
10026,9
10027,4
10028,20
10029,3
10030,4
10032,1
10033,4
10036,4
10038,2
10044,3
10065,6
10069,6
10075,8
10116,9
10120,2
10128,6
10150,1
10167,2
10168,8
10280,11
10282,8
10301,2
10305,1
10312,14
10314,2
10453,1
10458,1
10463,4
10465,4
10471,6
10504,9
10509,9
10510,3
10514,15
10522,6
10530,4
10533,5
10536,11
10538,4
10543,2
10549,3
10573,2
10577,9
10580,4
10583,5
10590,6
10591,6
10604,1
10605,8
10804,3
10901,3
10920,1
10940,2
10952,12
10989,6
10994,6
11000,15
11001,5
11004,3
11020,2
11021,2
11024,6
11040,7
11050,2
11101,4
11102,1
11103,4
11104,3
11105,7
11109,3
11201,7
11204,2
11209,5
11211,2
11215,7
11216,5
11217,3
11218,2
11219,3
11222,11
11223,2
11224,3
11225,2
11228,2
11229,10
11230,1
11231,5
11233,3
11235,2
11237,1
11238,3
11249,3
11354,6
11355,3
11358,1
11360,3
11361,2
11362,7
11366,2
11373,2
11374,9
11375,7
11378,1
11379,4
11385,3
11413,3
11415,1
11417,1
11418,6
11423,2
11426,12
11432,5
11435,2
11507,14
11542,6
11559,4
11561,2
11566,6
11570,11
11572,3
11576,1
11580,4
11598,3
11691,4
11697,2
11700,7
11706,2
11710,4
11722,6
11724,8
11725,4
11726,2
11730,3
11733,1
11735,8
11738,6
11740,5
11743,3
11746,8
11747,2
11749,2
11754,10
11755,12
11766,4
11768,24
11777,2
11780,4
11783,3
11787,6
11791,6
11796,6
11797,6
11801,2
11803,4
11910,5
11937,6
11940,4
11950,2
11955,3
11968,9
11977,12
12018,3
12054,9
12065,3
12180,6
12188,1
12210,3
12211,12
12301,9
12401,5
12474,2
12498,2
12521,3
12546,3
12561,1
12563,4
12572,2
12603,1
12831,3
12833,4
12839,4
12859,3
13057,3
13066,12
13104,16
13152,4
13203,7
13501,3
13601,6
13850,4
13903,1
14032,3
14047,3
14051,6
14052,3
14094,48
14127,2
14170,6
14222,4
14506,1
14607,4
14617,5
14619,3
14850,10
15005,3
15012,3
15044,1
15084,6
15090,21
15101,4
15108,4
15143,2
15201,1
15203,2
15217,1
15219,3
15224,1
15232,3
15237,3
15239,4
15241,1
15243,2
15317,4
15332,2
15401,4
15601,3
15658,3
15670,3
15672,3
15701,6
16229,6
16323,4
17013,5
17033,12
17043,4
17050,4
17078,3
17101,3
17225,9
17257,2
17519,6
17540,1
17543,4
17601,4
17821,2
17837,4
18103,4
18330,4
18411,3
18426,2
18444,4
18509,2
18901,5
18902,3
18925,1
18938,1
18940,2
18944,9
18951,6
18966,6
18974,5
18976,1
19002,9
19003,2
19004,4
19006,4
19009,15
19010,3
19020,10
19027,1
19035,4
19047,6
19063,3
19064,9
19066,2
19067,6
19072,3
19081,15
19085,6
19087,5
19094,4
19103,5
19106,13
19107,4
19116,1
19119,1
19123,16
19127,7
19129,1
19130,5
19145,6
19146,6
19147,13
19148,1
19312,3
19320,2
19341,2
19343,3
19348,1
19352,2
19382,6
19403,6
19406,9
19422,2
19426,3
19428,2
19440,6
19446,8
19454,3
19460,11
19468,12
19473,2
19520,7
19530,1
19609,3
19702,3
19707,1
19711,6
19809,2
19958,3
19963,1
20001,7
20002,6
20003,10
20005,2
20006,2
20007,1
20008,8
20009,5
20010,3
20015,2
20016,12
20037,4
20105,3
20112,1
20115,6
20120,14
20121,15
20124,3
20147,3
20148,2
20155,6
20165,4
20170,2
20171,17
20175,3
20176,8
20180,3
20190,6
20191,3
20194,3
20636,2
20715,2
20720,4
20723,7
20724,1
20759,2
20760,3
20770,6
20814,6
20815,6
20816,6
20817,21
20832,1
20850,7
20852,7
20853,1
20854,6
20855,8
20861,4
20877,3
20878,4
20882,3
20895,4
20902,3
20905,6
20910,10
20912,1
21009,2
21012,3
21014,2
21029,3
21032,3
21035,27
21037,12
21042,3
21043,2
21044,12
21045,2
21046,1
21047,6
21054,15
21075,6
21078,3
21093,3
21108,6
21111,6
21117,3
21128,4
21131,2
21136,2
21146,21
21152,12
21202,2
21204,6
21210,4
21211,3
21212,2
21224,3
21230,10
21231,1
21401,7
21403,15
21409,7
21601,6
21666,2
21701,2
21737,9
21742,3
21754,2
21773,2
21793,5
22003,2
22015,6
22026,3
22027,3
22031,3
22041,5
22043,2
22044,14
22046,3
22066,3
22101,4
22102,5
22124,3
22151,3
22153,6
22180,4
22182,11
22201,16
22202,3
22203,6
22204,9
22205,3
22206,4
22207,3
22209,14
22304,6
22305,1
22307,2
22309,3
22310,5
22314,3
22315,6
22508,3
22517,6
22554,4
22630,4
22801,12
22901,2
22903,1
22911,3
23059,2
23103,7
23113,12
23114,4
23188,1
23220,2
23221,3
23223,6
23228,3
23229,3
23235,1
23236,2
23238,6
23435,7
23451,3
23454,3
23455,3
23456,3
23462,4
23510,3
23601,4
23606,6
23662,4
23701,9
23704,12
23846,3
23900,2
24060,2
24121,12
24503,5
24523,9
25271,3
25403,8
25704,3
26003,7
26175,5
26505,3
27006,2
27012,6
27023,8
27040,2
27104,2
27109,1
27262,1
27278,7
27358,13
27410,9
27455,2
27510,2
27511,6
27513,8
27514,7
27516,5
27517,10
27518,2
27519,3
27523,6
27601,6
27603,1
27608,6
27609,3
27612,3
27613,4
27614,10
27615,3
27616,3
27701,4
27705,7
27909,3
27949,3
28027,21
28031,7
28032,6
28036,12
28078,4
28104,2
28117,12
28173,18
28202,8
28203,3
28207,4
28208,3
28209,6
28210,3
28211,2
28226,9
28269,6
28270,3
28273,2
28277,10
28278,9
28303,9
28374,6
28394,3
28405,2
28411,3
28445,2
28605,15
28607,2
28715,1
28741,6
28748,1
28801,2
29072,3
29150,2
29201,5
29202,3
29206,3
29301,3
29403,1
29407,1
29412,5
29414,7
29449,6
29451,7
29464,6
29485,3
29501,4
29607,2
29615,2
29621,2
29625,3
29631,2
29648,3
29649,6
29650,10
29669,3
29673,6
29680,9
29681,3
29682,3
29707,3
29708,2
29732,4
29803,6
29860,5
30004,7
30005,6
30007,2
30009,2
30017,2
30021,2
30022,9
30024,4
30030,2
30032,4
30040,9
30041,1
30042,2
30047,10
30062,3
30064,12
30066,8
30067,8
30068,4
30075,8
30076,4
30078,3
30079,3
30080,4
30082,2
30092,7
30097,11
30114,3
30115,6
30120,16
30126,2
30127,5
30135,6
30143,4
30144,3
30152,3
30165,3
30178,12
30180,12
30188,5
30214,3
30252,3
30253,2
30265,3
30269,9
30305,6
30306,7
30307,5
30308,14
30309,6
30312,4
30313,2
30316,10
30317,3
30318,11
30319,5
30324,4
30327,3
30328,6
30331,3
30338,3
30339,7
30341,5
30342,12
30350,3
30474,8
30506,7
30605,6
30606,2
30623,3
30628,3
30655,6
30677,2
30678,1
30705,4
30720,15
31093,1
31204,3
31326,10
31405,2
31419,5
31709,15
31750,3
31774,4
31820,6
32003,6
32025,3
32073,2
32080,6
32081,1
32082,3
32084,8
32086,4
32092,6
32118,4
32128,3
32129,2
32137,1
32163,3
32176,3
32207,6
32217,1
32218,6
32223,3
32224,5
32233,2
32244,8
32250,6
32256,4
32258,3
32259,5
32266,2
32304,6
32308,3
32310,3
32312,7
32317,4
32408,9
32417,12
32444,12
32446,6
32461,3
32502,6
32503,3
32504,4
32536,5
32561,6
32563,10
32570,4
32601,1
32606,15
32607,3
32608,1
32653,3
32696,2
32701,3
32703,3
32707,15
32708,4
32712,1
32721,4
32730,6
32746,3
32750,3
32751,6
32757,6
32765,11
32771,18
32773,5
32779,11
32789,6
32792,6
32793,4
32801,36
32802,2
32803,4
32804,9
32806,6
32810,3
32811,3
32814,13
32817,10
32819,12
32829,2
32832,6
32835,4
32836,3
32837,6
32839,6
32903,6
32904,6
32909,6
32922,6
32931,4
32934,12
32935,9
32937,5
32940,5
32951,5
32952,3
32955,13
32960,8
32963,7
32966,5
32968,4
33012,2
33019,6
33024,3
33025,4
33028,3
33029,4
33050,6
33052,9
33060,12
33064,13
33065,2
33066,4
33067,3
33069,8
33073,2
33076,7
33126,7
33129,4
33131,13
33133,4
33139,5
33140,2
33142,12
33143,3
33149,9
33154,3
33156,4
33158,3
33160,7
33166,3
33172,2
33174,3
33175,1
33176,7
33178,3
33180,13
33184,6
33186,6
33190,2
33196,2
33210,6
33222,10
33301,6
33304,6
33309,10
33312,9
33317,3
33321,3
33322,8
33323,3
33324,6
33325,3
33326,6
33327,3
33328,4
33330,12
33331,18
33332,4
33334,3
33406,3
33409,15
33410,2
33411,7
33412,6
33414,5
33416,1
33417,6
33426,4
33431,3
33432,15
33433,12
33434,5
33444,21
33445,4
33446,10
33449,13
33455,6
33458,5
33460,10
33462,4
33463,6
33467,3
33469,7
33478,5
33483,4
33486,3
33487,3
33488,12
33496,4
33498,6
33525,2
33543,2
33548,11
33549,9
33556,1
33559,4
33566,4
33596,6
33602,10
33604,2
33606,3
33609,6
33611,4
33612,3
33613,2
33616,6
33618,7
33624,1
33626,4
33629,5
33647,6
33685,2
33701,4
33702,4
33703,8
33704,5
33707,6
33710,6
33715,4
33756,6
33759,6
33761,6
33762,2
33765,14
33770,2
33772,2
33773,3
33777,10
33782,3
33803,7
33810,5
33811,9
33813,5
33827,4
33880,6
33881,12
33898,6
33913,1
33919,3
33950,2
33957,8
33990,6
34105,1
34109,6
34112,3
34116,3
34120,6
34135,6
34208,3
34209,9
34212,4
34217,3
34229,9
34233,4
34238,3
34242,7
34471,16
34601,4
34606,3
34609,12
34652,2
34653,2
34677,4
34683,4
34684,12
34685,7
34688,7
34698,2
34715,4
34736,3
34744,16
34747,7
34761,13
34786,10
34787,10
34951,3
34952,4
34953,4
34957,5
34987,8
34990,9
34994,15
34997,7
35010,2
35022,4
35023,3
35040,4
35043,1
35055,2
35057,8
35071,2
35080,18
35111,10
35117,3
35147,6
35173,9
35205,2
35212,3
35213,5
35216,6
35223,4
35226,6
35243,30
35244,5
35401,3
35405,2
35406,2
35475,6
35541,12
35603,6
35640,4
35756,2
35758,3
35806,13
35901,3
36106,4
36527,12
36532,8
36547,6
36670,12
36695,2
36874,6
37013,5
37027,6
37064,4
37066,6
37075,12
37172,6
37203,3
37204,1
37205,2
37209,6
37211,3
37212,3
37214,9
37215,3
37219,4
37315,2
37402,9
37601,2
37620,9
37659,5
37660,9
37664,15
37738,12
37801,4
37815,4
37902,3
37919,3
37921,3
37923,2
38016,7
38017,4
38018,6
38028,6
38117,5
38119,2
38120,35
38125,5
38138,4
38139,6
38305,2
38401,4
38501,7
38506,2
38668,16
38804,1
39047,12
39059,9
39110,4
39154,6
39401,3
39402,4
39455,4
39465,5
39503,2
39531,4
39564,6
39601,21
39759,2
40023,3
40031,6
40059,3
40205,12
40206,9
40207,15
40218,6
40241,4
40291,3
40351,2
40356,3
40513,9
40515,3
41011,3
41017,6
41091,4
41094,2
41502,3
42001,4
43017,6
43021,4
43026,4
43035,13
43050,5
43055,15
43065,20
43074,2
43076,12
43081,11
43085,4
43201,4
43206,9
43212,6
43214,3
43220,3
43227,2
43230,4
43235,4
43452,1
43537,2
43560,3
43571,1
43614,4
43615,3
44001,4
44022,4
44023,8
44026,5
44060,6
44067,2
44074,3
44081,6
44106,3
44120,3
44122,8
44124,4
44125,3
44130,9
44133,5
44139,3
44140,1
44141,5
44143,2
44145,3
44149,3
44223,3
44224,7
44236,6
44240,4
44256,2
44286,3
44313,6
44333,12
44512,16
44514,1
44646,2
44714,2
44730,2
44880,12
45011,5
45015,3
45030,2
45034,3
45040,12
45044,2
45066,3
45068,6
45069,4
45113,5
45133,6
45140,5
45157,2
45202,5
45208,8
45209,2
45226,3
45227,3
45229,1
45231,2
45233,2
45236,2
45238,6
45240,4
45241,8
45242,10
45244,6
45245,4
45246,12
45247,4
45249,2
45305,12
45314,15
45385,6
45387,3
45415,3
45420,3
45449,2
45458,5
45459,6
45701,3
45805,2
45840,2
45894,9
46032,4
46033,9
46037,2
46040,4
46041,4
46074,6
46077,1
46168,2
46202,2
46205,1
46220,8
46228,7
46236,12
46240,2
46256,2
46260,2
46278,2
46303,7
46304,5
46342,2
46350,3
46356,6
46385,3
46530,6
46590,1
46803,12
46825,15
46845,6
47025,12
47119,3
47122,12
47203,1
47630,6
47715,2
47803,4
47906,4
48009,4
48025,6
48036,2
48045,4
48069,2
48070,4
48072,3
48083,15
48085,6
48101,3
48103,8
48104,5
48105,15
48108,2
48114,2
48116,4
48137,5
48168,5
48170,2
48178,7
48192,3
48202,3
48220,3
48236,3
48237,6
48304,8
48306,3
48323,4
48324,4
48331,7
48334,3
48346,7
48359,2
48362,9
48374,4
48382,3
48390,3
48420,3
48439,6
48446,3
48602,3
48640,2
48642,4
48706,3
48732,6
48823,5
48842,4
48864,8
48917,4
49009,1
49024,2
49201,16
49221,4
49230,2
49242,3
49301,1
49319,6
49341,4
49412,9
49417,7
49422,8
49424,7
49428,4
49456,4
49460,3
49503,16
49525,4
49546,3
49612,6
49682,3
49686,6
49690,3
49740,12
49770,1
49783,1
49829,2
49837,6
49855,3
50009,12
50131,10
50265,4
50312,4
50323,6
50401,2
50613,6
51534,2
52240,22
52323,21
52403,3
52405,21
52641,1
53045,4
53066,5
53072,9
53073,6
53092,4
53097,4
53098,1
53122,30
53129,10
53132,2
53144,2
53147,1
53149,6
53202,2
53213,7
53217,10
53219,3
53310,6
53402,2
53545,32
53583,4
53597,6
53703,2
53704,4
53711,4
53717,6
53718,1
54115,6
54155,8
54166,2
54180,2
54230,6
54313,2
54601,6
54650,9
54720,6
54911,4
54914,3
54941,6
54956,7
54961,2
54981,12
55019,2
55024,3
55025,6
55042,3
55077,1
55082,4
55101,4
55104,6
55105,6
55106,1
55109,7
55112,3
55113,3
55115,3
55116,3
55128,3
55311,7
55313,6
55316,2
55317,3
55331,18
55336,4
55344,1
55369,3
55384,1
55386,4
55387,9
55401,6
55403,4
55405,7
55410,4
55416,4
55419,3
55423,2
55424,2
55428,2
55430,2
55434,6
55439,2
55447,15
55810,2
55901,3
55902,10
55906,3
55987,3
56051,3
56093,6
57042,2
57075,3
57106,1
57310,6
57785,2
59105,1
59178,2
59404,3
59701,2
59718,2
59802,2
59803,2
59808,1
59870,6
60004,3
60007,6
60010,11
60015,7
60016,3
60018,2
60022,5
60025,13
60026,10
60030,6
60031,4
60035,5
60040,3
60043,4
60045,2
60046,9
60047,18
60048,1
60050,4
60051,2
60053,2
60061,14
60062,7
60067,5
60068,6
60069,2
60070,9
60074,4
60076,1
60084,5
60089,2
60091,11
60093,6
60103,12
60110,6
60126,6
60130,4
60137,2
60148,2
60169,3
60172,2
60174,3
60175,3
60185,9
60189,3
60193,3
60201,13
60202,4
60203,1
60301,9
60302,5
60305,4
60402,2
60404,9
60415,6
60423,6
60440,6
60453,6
60457,12
60462,6
60467,1
60487,3
60491,2
60513,8
60514,12
60517,14
60521,5
60523,11
60525,14
60527,1
60532,25
60538,2
60540,4
60542,1
60558,3
60560,12
60563,11
60564,6
60565,34
60585,2
60601,6
60603,3
60605,3
60606,2
60607,11
60610,5
60611,14
60612,13
60613,5
60614,11
60616,7
60618,13
60622,5
60625,3
60626,2
60634,3
60640,5
60642,9
60647,8
60651,3
60654,6
60656,3
60657,10
60660,2
60661,7
60804,12
61073,10
61103,4
61821,8
61874,3
62025,9
62084,6
62220,7
62221,2
62236,3
62249,5
62269,4
63005,21
63011,2
63017,8
63021,4
63025,4
63055,6
63088,6
63090,9
63103,4
63104,5
63105,15
63108,4
63111,1
63112,6
63117,9
63122,6
63123,9
63124,12
63130,6
63131,10
63141,9
63144,3
63146,3
63303,10
63304,2
63348,4
63366,7
63367,4
63368,4
64106,6
64108,27
64110,1
64113,12
64154,8
64416,2
64630,15
65109,4
65202,9
65203,6
65401,2
65738,3
65809,7
66006,9
66049,13
66061,6
66062,6
66067,6
66085,2
66181,3
66202,3
66207,2
66214,10
66216,2
66220,12
66223,7
66288,8
66604,3
67037,3
67205,1
67207,14
67219,2
68025,9
68124,9
68127,1
68142,1
68506,12
68510,1
69341,4
69361,3
70001,6
70002,25
70065,2
70071,9
70115,6
70118,6
70123,4
70124,4
70130,9
70360,6
70361,6
70394,18
70433,2
70447,6
70448,4
70458,9
70461,5
70471,12
70503,8
70508,3
70592,3
70601,13
70605,3
70714,5
70719,11
70754,4
70769,6
70785,4
70791,8
70806,9
70808,13
70809,9
70810,7
70815,3
70816,2
70819,3
71104,3
71106,9
71115,4
71201,7
71226,7
71373,4
71901,12
71913,15
72002,6
72058,4
72073,6
72113,6
72120,2
72207,6
72223,4
72401,4
72434,9
72632,3
72653,7
72701,16
72703,9
72704,12
72712,6
72758,3
72762,5
72764,10
72956,3
73012,4
73013,8
73034,3
73071,2
73072,15
73104,2
73150,3
73170,6
73540,2
74012,9
74055,9
74119,1
74133,3
74135,3
74137,9
75001,5
75002,8
75006,4
75007,3
75010,3
75013,4
75018,6
75019,7
75021,3
75023,4
75024,2
75025,12
75028,3
75034,37
75035,2
75039,2
75048,3
75050,2
75052,3
75062,2
75063,9
75069,10
75070,5
75075,1
75077,7
75078,6
75080,7
75082,5
75092,12
75093,30
75098,6
75160,8
75181,10
75201,7
75204,11
75205,2
75206,6
75207,1
75208,9
75209,5
75211,2
75214,14
75218,10
75219,6
75223,3
75225,4
75227,3
75229,16
75230,4
75234,2
75238,4
75240,11
75243,14
75244,18
75248,3
75252,5
75254,5
75287,2
75602,8
75701,3
75703,3
75963,3
76012,6
76013,2
76016,7
76020,5
76040,8
76051,6
76054,12
76058,1
76060,2
76063,2
76092,8
76107,4
76108,2
76109,3
76179,6
76205,6
76248,15
76309,5
76707,9
76710,3
77002,3
77003,3
77004,6
77005,13
77006,6
77007,7
77008,8
77018,6
77019,18
77024,3
77027,3
77030,4
77041,5
77044,1
77049,10
77054,3
77055,5
77057,4
77058,7
77059,2
77063,3
77069,8
77070,2
77071,2
77074,1
77077,3
77079,3
77080,1
77081,3
77082,2
77084,7
77086,14
77094,1
77095,2
77096,4
77098,3
77205,3
77318,9
77336,3
77339,1
77345,8
77346,5
77354,5
77375,4
77379,4
77380,4
77381,6
77382,6
77406,3
77422,3
77429,8
77433,4
77450,5
77459,3
77478,3
77479,6
77493,4
77494,4
77498,3
77536,3
77539,6
77546,14
77550,2
77566,2
77568,6
77571,6
77581,3
77584,11
77706,6
78006,6
78028,12
78121,2
78130,7
78132,1
78147,2
78148,4
78163,12
78201,8
78209,5
78212,9
78216,2
78230,5
78232,3
78233,3
78240,6
78247,3
78248,9
78249,3
78251,3
78254,5
78255,4
78256,6
78258,3
78358,6
78382,12
78413,4
78503,6
78504,3
78572,3
78610,1
78613,10
78624,9
78633,3
78645,4
78654,3
78660,7
78664,2
78665,9
78669,5
78681,4
78701,4
78702,4
78703,3
78704,6
78705,8
78717,3
78726,3
78727,4
78729,6
78730,3
78731,14
78732,3
78733,5
78735,3
78737,2
78738,2
78741,3
78745,10
78746,3
78749,5
78750,2
78751,1
78753,2
78757,2
78758,2
78759,3
78945,6
79109,2
79339,8
79464,2
79605,10
79707,2
79912,9
79938,4
80012,2
80013,3
80015,1
80016,4
80017,2
80020,2
80022,2
80023,2
80027,4
80031,1
80104,2
80109,2
80111,2
80112,3
80121,1
80126,2
80128,8
80130,4
80132,3
80203,1
80205,2
80206,4
80207,1
80209,9
80210,3
80211,4
80212,4
80218,1
80222,2
80223,3
80227,6
80234,1
80237,3
80241,2
80246,4
80247,5
80260,1
80301,4
80302,4
80303,4
80304,10
80305,1
80401,17
80421,1
80446,2
80466,2
80487,2
80498,6
80501,3
80504,6
80513,3
80516,10
80521,1
80525,2
80526,7
80538,1
80601,2
80602,4
80863,8
80906,6
80919,2
80920,4
80946,4
81224,3
81321,2
81432,2
81507,4
81621,2
81623,6
81631,3
82009,4
82414,3
82601,3
82649,1
82935,3
83025,2
83201,3
83204,1
83333,4
83340,4
83401,1
83404,2
83414,3
83440,3
83616,11
83634,2
83642,1
83646,3
83686,1
83702,3
83703,1
83705,1
83709,1
83715,4
83835,2
84003,5
84004,5
84010,2
84014,3
84015,8
84020,6
84025,2
84032,2
84036,3
84037,2
84040,4
84043,4
84045,1
84047,2
84049,6
84055,3
84057,4
84058,4
84060,8
84062,6
84065,4
84066,1
84067,2
84068,7
84074,1
84075,1
84076,5
84078,4
84084,3
84087,2
84088,3
84092,2
84093,7
84094,4
84095,5
84096,6
84097,5
84098,11
84101,5
84102,3
84103,2
84105,5
84106,5
84107,2
84108,3
84111,2
84112,1
84115,1
84116,1
84117,1
84119,2
84121,3
84123,11
84124,2
84318,1
84321,6
84403,4
84404,3
84405,2
84601,6
84604,3
84606,4
84635,3
84649,3
84660,1
84663,18
84701,1
84716,3
84765,1
84780,2
84790,1
85004,1
85014,2
85018,4
85020,2
85022,6
85028,1
85044,3
85045,3
85048,5
85050,9
85054,3
85064,5
85070,3
85085,3
85086,3
85142,1
85207,1
85209,4
85210,2
85213,2
85226,4
85233,4
85234,3
85236,3
85248,1
85249,5
85251,4
85252,2
85253,6
85254,4
85255,9
85257,4
85258,5
85259,4
85260,7
85262,4
85266,3
85268,9
85281,3
85282,4
85283,1
85286,4
85295,2
85298,3
85303,6
85308,3
85339,2
85381,1
85383,3
85388,3
85704,2
85711,4
85712,2
85718,8
85719,2
85737,6
85742,2
85748,3
85750,10
86001,4
86301,12
86303,4
86406,2
87008,1
87107,3
87109,3
87111,6
87120,6
87124,2
87505,6
87508,1
89011,2
89012,2
89044,5
89052,5
89074,5
89113,4
89117,7
89120,2
89128,2
89130,2
89131,4
89138,2
89141,8
89143,3
89144,1
89145,1
89149,1
89166,1
89178,7
89183,3
89411,2
89450,2
89451,9
89503,2
89507,3
89511,2
89523,3
90004,6
90005,2
90008,2
90013,3
90014,1
90015,6
90020,6
90024,2
90025,8
90027,3
90028,1
90029,1
90031,6
90034,4
90035,2
90036,8
90038,3
90042,4
90045,13
90046,12
90048,1
90049,10
90064,1
90065,2
90066,2
90068,2
90069,7
90077,3
90094,1
90210,2
90230,3
90232,4
90250,4
90254,10
90265,4
90266,7
90272,3
90274,1
90275,1
90277,9
90278,4
90291,7
90292,2
90293,2
90401,2
90402,4
90403,1
90404,2
90405,9
90501,3
90502,2
90503,3
90505,1
90603,2
90631,5
90703,1
90713,3
90720,3
90740,2
90802,1
90803,4
90804,2
90808,3
90814,4
90815,4
91003,6
91010,2
91101,3
91106,12
91107,4
91108,3
91206,2
91302,8
91306,2
91311,3
91316,5
91320,9
91321,9
91325,3
91326,10
91354,9
91360,5
91361,4
91362,3
91364,11
91367,3
91381,4
91384,2
91387,5
91403,5
91423,4
91436,17
91505,7
91602,5
91604,6
91607,10
91701,4
91702,5
91709,3
91710,4
91711,4
91722,11
91732,2
91744,3
91745,8
91765,5
91773,9
91780,3
91786,4
91789,6
91791,34
91910,16
91911,3
91915,9
91941,11
92007,4
92009,12
92011,4
92014,7
92019,5
92020,5
92021,5
92024,16
92027,3
92037,7
92064,5
92067,18
92071,2
92075,4
92078,9
92084,4
92101,5
92102,6
92103,5
92104,9
92106,10
92107,6
92108,4
92109,14
92111,4
92112,2
92116,8
92117,8
92118,8
92119,10
92120,8
92121,5
92122,7
92123,4
92124,3
92126,9
92127,7
92128,4
92129,12
92130,11
92131,8
92192,2
92210,3
92253,7
92260,6
92262,6
92313,6
92335,3
92346,10
92352,2
92374,5
92399,13
92505,4
92506,11
92555,2
92584,1
92587,3
92591,11
92592,8
92602,3
92603,2
92606,5
92617,1
92618,6
92620,13
92625,8
92626,6
92627,5
92629,5
92630,3
92646,5
92648,6
92649,5
92651,9
92652,8
92654,5
92656,6
92657,5
92660,8
92661,5
92663,4
92672,3
92673,4
92675,3
92677,8
92679,11
92683,6
92691,7
92692,7
92705,5
92780,3
92782,5
92801,3
92806,13
92808,6
92822,8
92832,3
92833,3
92835,4
92841,4
92865,5
92867,5
92870,7
92883,13
92886,3
93001,2
93003,16
93004,1
93012,8
93013,7
93021,16
93022,1
93035,2
93036,4
93065,4
93101,9
93103,4
93108,2
93117,5
93120,3
93274,1
93311,5
93420,4
93433,2
93446,2
93619,17
93704,6
93720,4
93923,17
94010,7
94015,4
94017,1
94024,7
94025,8
94037,5
94044,3
94061,4
94062,7
94065,3
94070,3
94080,6
94086,3
94087,5
94103,6
94105,2
94107,5
94108,3
94109,6
94110,13
94114,8
94115,7
94116,3
94117,7
94118,10
94121,3
94122,4
94123,9
94127,3
94131,5
94133,6
94158,3
94301,4
94305,5
94306,7
94309,3
94402,5
94403,4
94404,4
94506,8
94507,4
94508,6
94523,3
94534,9
94536,6
94546,4
94549,16
94550,6
94560,2
94566,3
94574,6
94582,4
94587,2
94591,3
94596,3
94602,7
94606,4
94610,4
94611,6
94612,4
94618,4
94702,8
94720,3
94901,7
94903,4
94941,15
94952,3
94954,3
94960,2
94965,6
94973,1
95008,3
95014,4
95031,2
95032,7
95037,5
95060,6
95070,9
95112,2
95120,2
95128,2
95132,6
95134,13
95148,3
95219,2
95337,13
95404,6
95447,2
95603,3
95608,4
95624,3
95628,3
95661,5
95677,2
95678,3
95762,7
95814,3
95816,1
95818,6
95819,4
95864,4
95945,5
96073,4
96145,2
96150,3
96151,3
96529,3
96712,8
96720,10
96722,3
96734,7
96745,2
96756,6
96761,3
96768,7
96782,6
96789,13
96797,19
96813,14
96815,8
96821,14
96822,14
96825,8
97005,1
97030,3
97034,6
97062,6
97068,3
97080,1
97124,5
97140,2
97203,4
97209,3
97210,2
97211,4
97214,4
97217,7
97220,5
97221,6
97231,2
97321,16
97330,5
97333,1
97370,3
97401,4
97405,6
97501,2
97502,2
97526,3
97527,2
97702,2
98006,4
98008,3
98020,4
98026,3
98028,6
98033,14
98038,3
98040,3
98052,7
98053,5
98075,5
98092,5
98102,3
98103,4
98104,4
98105,7
98107,5
98112,7
98115,3
98117,7
98122,11
98125,2
98126,2
98139,2
98155,7
98177,4
98208,16
98258,4
98260,6
98274,4
98275,2
98290,2
98321,1
98333,9
98335,2
98339,2
98373,6
98387,1
98391,3
98422,3
98466,10
98501,6
98604,3
98632,6
98663,5
98671,3
98862,2
99171,3
99353,7
99354,1
99516,2
99999,9
48924,2
58862,11
02062,2
05255,4
07040,1
07728,3
20876,6
32127,12
32411,4
33152,6
48311,1
62711,3
66218,4
70711,6
84120,1
85021,2
92614,4
95618,13
98520,1
91301,3
96701,2
94501,2
94706,2
91801,2
91803,3
91737,1
91001,19
94503,1
98221,3
92804,1
92807,16
99501,3
99502,1
92308,2
95003,4
91006,18
91007,1
93203,2
97520,3
97103,1
93422,1
94027,4
94577,3
95602,1
98110,13
93306,4
93309,4
93312,5
91706,2
93604,2
97006,4
97007,9
97008,2
98004,3
98005,1
98007,1
98226,5
94002,1
94920,4
97701,1
97709,4
94703,4
94704,1
94705,1
94707,5
94708,2
92315,1
98230,2
97403,4
91902,18
92821,2
92823,2
98310,2
93427,2
91502,2
91506,1
91507,1
98146,6
98166,4
94515,1
93010,6
97013,1
92624,6
95010,1
92008,8
92010,5
92013,9
93924,2
90745,4
92234,4
91913,4
91914,6
95611,3
93611,5
92236,1
99005,1
92324,3
92879,2
92880,4
92881,10
92882,6
94925,8
91723,1
91724,6
94014,2
97089,2
94526,5
95616,7
94505,2
96521,1
94568,9
99577,1
98372,3
94018,2
91731,1
95758,2
94608,4
92026,10
92029,1
98201,2
98204,2
96706,2
94930,6
94978,2
95630,2
92337,2
92708,2
94538,2
92831,3
92845,4
98332,1
95020,1
99587,1
91202,1
91203,1
91205,1
91208,7
91741,3
93111,2
91344,4
95746,2
94904,5
96932,3
94019,2
97834,1
92545,2
94547,3
92344,6
92345,4
97123,1
95023,2
95034,1
96801,4
96816,9
96817,2
96819,1
96826,1
96828,1
97031,6
92647,2
91932,2
92604,4
92612,18
92623,3
98027,6
98029,7
91935,2
96740,2
96741,1
96744,2
96749,4
99611,2
96753,2
98034,1
96707,2
96790,8
91011,34
91214,14
92039,1
92307,9
91942,6
91750,1
92694,49
92641,1
92653,11
98499,1
97035,4
94939,10
94977,1
98826,3
92025,3
95648,2
92354,1
90805,2
90807,2
90853,2
94022,3
93402,2
98036,1
98087,1
93546,2
94553,1
98039,9
92359,2
95340,3
97110,1
52937,12
92655,2
95035,5
97267,1
92690,11
98272,1
91016,1
93940,2
91754,1
94556,2
92256,2
94040,4
94043,2
92562,4
98433,1
94558,6
94559,1
91950,1
95658,1
92659,2
93444,3
93523,2
91601,2
91606,2
94949,1
95361,3
94609,4
94619,3
94561,4
92054,5
92056,5
92057,6
98513,2
98516,5
91762,6
92866,1
92868,1
92869,3
94563,1
93030,2
92255,2
92263,2
92264,1
93551,7
94303,2
94304,4
91103,2
91104,2
91105,1
93953,3
97801,1
96783,2
94588,3
98281,2
98368,2
97239,4
97202,10
97205,6
97206,1
97212,9
97213,3
97215,3
97219,2
97223,2
97225,1
97229,10
97238,1
91340,3
94028,6
98370,2
99350,4
99163,4
91730,5
92270,5
92688,13
98051,6
96002,2
92373,3
94063,3
98055,2
98056,1
98057,1
91335,2
92376,2
99352,2
94804,3
92503,7
92507,2
92730,4
91770,2
96100,2
91748,2
95815,8
95823,2
95831,1
95865,2
97301,1
93901,1
93908,2
92408,2
94066,3
92105,5
92110,2
92115,5
92154,4
91405,2
94102,4
94104,5
94111,5
94112,2
94119,1
94129,1
94134,1
94163,8
91775,7
95118,2
95123,2
95124,4
95125,16
95126,1
95127,5
95138,4
95045,5
94578,2
94579,2
95577,4
93401,9
93405,1
94401,10
92701,1
92704,9
92706,1
93105,6
93109,1
93110,3
95054,1
91390,6
91350,2
95062,1
95064,3
95065,3
93455,4
95403,3
98108,1
98109,4
98116,3
98119,11
98121,2
98133,2
98136,8
98144,2
98199,5
91401,3
91024,1
90755,1
93063,2
95476,3
95370,2
95073,2
91030,12
99203,4
99206,4
95050,2
91352,2
94085,3
94089,2
98402,1
98406,3
98444,3
97540,3
91356,3
98393,1
97060,7
96160,6
96161,3
96162,2
95380,2
95382,3
92277,1
95482,1
91355,8
92082,3
98664,4
98665,2
98685,6
98686,2
92395,4
92081,5
92083,2
96785,3
96738,1
96793,2
94595,4
94597,1
94598,2
91304,2
91307,3
97069,8
95691,1
91359,1
92596,1
95258,1
98072,5
98674,2
91303,4
98908,3
92887,2
14340,4
